0.36577,0.44176,0.49978,0.54698,0.58563,0.61878,0.64706,0.67172,0.69381,0.7133,0.73048,0.74599,0.75953,0.77185,0.78289,0.79267,0.80123,0.80897,0.81563,0.82141,0.82639,0.83062,0.83413,0.8368,0.83889,0.84018,0.84086,0.84091,0.84029,0.83899,0.8371,0.8345,0.83139,0.8275,0.82296,0.81785,0.81196,0.80528,0.79797,0.78999,0.78119,0.77164,0.76112,0.74975,0.73776,0.72475,0.71078,0.69572,0.67956,0.66263,0.64442,0.62505,0.60462,0.5828,0.55978,0.53547,0.50968,0.48264,0.45418,0.42452,0.39316,0.36057,0.32642,0.29131,0.25492,0.21744,0.17909,0.14006,0.10057,0.061183,0.022026,-0.016379,-0.053747,-0.089621,-0.12404,-0.1565,-0.18693,-0.21478,-0.23948,-0.26074,-0.27821,-0.29168,-0.30022,-0.30308,-0.29888,-0.28836,-0.27231,-0.2515
0.39557,0.46582,0.52047,0.56518,0.6025,0.63442,0.66219,0.68624,0.70765,0.72638,0.74317,0.75798,0.77139,0.78342,0.79417,0.80372,0.81235,0.81984,0.82644,0.83225,0.8373,0.84154,0.8449,0.84771,0.84979,0.85116,0.85186,0.85206,0.85153,0.85039,0.84861,0.8462,0.84316,0.83945,0.83509,0.83007,0.82424,0.81795,0.81086,0.80303,0.79435,0.78486,0.77465,0.76359,0.75162,0.73866,0.72479,0.70985,0.69402,0.67696,0.6587,0.63952,0.61899,0.59702,0.57391,0.54925,0.52323,0.49595,0.46702,0.43662,0.40463,0.37118,0.33621,0.29999,0.26223,0.22328,0.1836,0.14313,0.10191,0.060456,0.019572,-0.020648,-0.059654,-0.097201,-0.13309,-0.16674,-0.19808,-0.22681,-0.25185,-0.27302,-0.28997,-0.30256,-0.30916,-0.30881,-0.30176,-0.28695,-0.26709,-0.24381
0.42467,0.48923,0.5406,0.58292,0.6186,0.64931,0.67589,0.69923,0.71995,0.73826,0.75472,0.76954,0.78264,0.7945,0.80502,0.81454,0.82288,0.83037,0.83695,0.84273,0.84768,0.85185,0.85539,0.85822,0.86035,0.86182,0.86279,0.86302,0.86259,0.86154,0.85979,0.85753,0.85473,0.8511,0.84693,0.84208,0.83659,0.83034,0.82345,0.81572,0.8074,0.79817,0.78813,0.77714,0.76548,0.75277,0.739,0.72432,0.70846,0.69167,0.67345,0.65426,0.63355,0.61161,0.58849,0.56358,0.53758,0.50968,0.48034,0.44935,0.41655,0.38253,0.34641,0.30913,0.27026,0.22982,0.18851,0.14611,0.10328,0.060038,0.016936,-0.025207,-0.066166,-0.10553,-0.1428,-0.17794,-0.2104,-0.23981,-0.26495,-0.28597,-0.3024,-0.31317,-0.31757,-0.31389,-0.30255,-0.28414,-0.26073,-0.23441
0.45147,0.51178,0.55969,0.59999,0.63394,0.66346,0.68913,0.71178,0.73192,0.74984,0.76593,0.78025,0.79326,0.80493,0.81534,0.82465,0.83307,0.84045,0.84701,0.85274,0.85775,0.86205,0.86549,0.86846,0.87058,0.8722,0.87315,0.87348,0.87317,0.87224,0.87083,0.86866,0.86595,0.86262,0.85864,0.85382,0.84862,0.84269,0.83597,0.82848,0.82027,0.81125,0.80158,0.79083,0.77928,0.76678,0.75327,0.73879,0.7232,0.70642,0.68852,0.6692,0.64866,0.62684,0.60339,0.57861,0.55215,0.52411,0.49416,0.46287,0.42955,0.39442,0.35752,0.31883,0.27879,0.23693,0.19379,0.14971,0.10469,0.059222,0.014086,-0.030109,-0.073217,-0.11451,-0.15353,-0.19012,-0.22354,-0.25353,-0.27926,-0.29984,-0.31519,-0.32439,-0.32539,-0.31757,-0.3015,-0.27907,-0.25225,-0.22352
0.473,0.52982,0.57633,0.61491,0.64805,0.67665,0.70177,0.72382,0.74354,0.76092,0.77661,0.79077,0.80341,0.81491,0.8252,0.83451,0.84273,0.85007,0.85661,0.86238,0.86743,0.8716,0.87525,0.87819,0.88056,0.8822,0.88325,0.88368,0.88353,0.8828,0.88139,0.87948,0.87693,0.87376,0.86992,0.86557,0.86045,0.85468,0.84821,0.84102,0.83294,0.82439,0.81484,0.80444,0.79317,0.78076,0.76757,0.75339,0.73804,0.72146,0.70367,0.68458,0.66423,0.64231,0.61895,0.59402,0.56744,0.5391,0.50891,0.47688,0.44294,0.40724,0.3693,0.32968,0.28795,0.24427,0.19966,0.15367,0.1067,0.059104,0.011501,-0.035385,-0.080876,-0.1242,-0.1652,-0.20339,-0.23823,-0.26884,-0.29448,-0.31459,-0.32857,-0.33474,-0.33202,-0.31952,-0.29845,-0.27198,-0.24196,-0.21128
0.49326,0.54729,0.59171,0.62899,0.66092,0.68872,0.71298,0.73469,0.75383,0.77113,0.7866,0.80051,0.81316,0.82443,0.83462,0.84374,0.85198,0.85938,0.86592,0.87166,0.87662,0.88092,0.88463,0.88768,0.89002,0.89184,0.89299,0.89354,0.89351,0.89294,0.89179,0.88995,0.88762,0.88467,0.88108,0.87685,0.87207,0.86648,0.86024,0.85339,0.84567,0.83724,0.82804,0.8179,0.8069,0.79495,0.78204,0.76806,0.75287,0.73668,0.71908,0.70023,0.68001,0.65821,0.63492,0.61,0.58317,0.55466,0.52414,0.4918,0.45734,0.42077,0.38199,0.34075,0.29807,0.25315,0.20638,0.15794,0.10836,0.05836,0.0082501,-0.041188,-0.089055,-0.13474,-0.17775,-0.2177,-0.25374,-0.28502,-0.31065,-0.32989,-0.34194,-0.34486,-0.33714,-0.31899,-0.29323,-0.26267,-0.23009,-0.1976
0.51244,0.56376,0.60625,0.64209,0.67327,0.70023,0.72401,0.74508,0.76397,0.78079,0.79595,0.80982,0.82216,0.83335,0.84338,0.85262,0.86076,0.86809,0.87464,0.88042,0.88557,0.88999,0.89371,0.89668,0.89917,0.90103,0.90231,0.90304,0.90323,0.90271,0.90172,0.90017,0.89796,0.8952,0.89189,0.88788,0.88329,0.87805,0.87206,0.8654,0.85803,0.84994,0.841,0.83121,0.8206,0.80897,0.79636,0.78251,0.76784,0.75196,0.73471,0.71615,0.69607,0.67455,0.65132,0.62644,0.59963,0.57106,0.54024,0.5075,0.47262,0.43538,0.39561,0.35373,0.30903,0.26233,0.21361,0.16309,0.11105,0.058187,0.0051209,-0.047235,-0.097996,-0.14628,-0.19162,-0.2335,-0.27083,-0.3026,-0.32791,-0.34588,-0.35536,-0.35389,-0.33985,-0.31568,-0.28521,-0.25101,-0.21657,-0.18297
0.53054,0.57946,0.62043,0.65494,0.6847,0.71097,0.73414,0.75488,0.77331,0.79008,0.80507,0.8185,0.83078,0.84186,0.85193,0.861,0.86912,0.87637,0.88304,0.88879,0.89388,0.89835,0.90216,0.90539,0.90796,0.90996,0.9114,0.91223,0.91244,0.91223,0.91132,0.90995,0.90805,0.90538,0.90233,0.89867,0.89423,0.88928,0.88369,0.87729,0.87027,0.86246,0.85386,0.84429,0.83402,0.82277,0.81059,0.79734,0.78287,0.76738,0.75044,0.73215,0.7125,0.69113,0.66822,0.64357,0.61684,0.58793,0.55737,0.52425,0.48872,0.45064,0.41019,0.36701,0.32103,0.27271,0.22163,0.16892,0.11433,0.058386,0.0020058,-0.053715,-0.1076,-0.15882,-0.20667,-0.25058,-0.28932,-0.32147,-0.34625,-0.36248,-0.36816,-0.36065,-0.34011,-0.30983,-0.27472,-0.23783,-0.20152,-0.16715
0.54489,0.59244,0.63195,0.66585,0.69535,0.72096,0.74386,0.76405,0.78236,0.79863,0.81346,0.82695,0.83898,0.84997,0.85986,0.86895,0.87706,0.88445,0.89098,0.89677,0.90182,0.90642,0.91028,0.91358,0.91627,0.91838,0.91994,0.92092,0.92135,0.92124,0.92071,0.91942,0.91769,0.9154,0.91244,0.90897,0.90493,0.90016,0.89486,0.88882,0.88213,0.87466,0.86636,0.85736,0.84742,0.83661,0.82463,0.8118,0.79777,0.7827,0.76628,0.74838,0.729,0.70805,0.68554,0.66111,0.6345,0.60592,0.5751,0.54189,0.50596,0.46745,0.42603,0.38185,0.33459,0.28441,0.23131,0.17578,0.11819,0.058839,-0.0011126,-0.060295,-0.11793,-0.17258,-0.22319,-0.26932,-0.30939,-0.34184,-0.36583,-0.37945,-0.37973,-0.36453,-0.33686,-0.30071,-0.26166,-0.22244,-0.18518,-0.15063
0.55902,0.60486,0.64335,0.67621,0.70481,0.72998,0.75242,0.7724,0.79037,0.80657,0.82138,0.83451,0.84658,0.85749,0.86749,0.87642,0.88456,0.89187,0.89852,0.9043,0.90954,0.91407,0.91802,0.92135,0.92419,0.92647,0.92811,0.92917,0.92983,0.92991,0.92944,0.9285,0.92688,0.92484,0.92218,0.91893,0.9152,0.91079,0.90576,0.89995,0.89359,0.88651,0.8786,0.87,0.86037,0.85003,0.8387,0.82627,0.81283,0.79806,0.78208,0.76469,0.74597,0.72544,0.70308,0.67907,0.6529,0.62449,0.59372,0.56013,0.52429,0.48522,0.44303,0.39799,0.34923,0.29744,0.24221,0.18384,0.12295,0.059886,-0.0037566,-0.067386,-0.12913,-0.18742,-0.24136,-0.28997,-0.33128,-0.36396,-0.38622,-0.39559,-0.38899,-0.36533,-0.32979,-0.28845,-0.24624,-0.20567,-0.16796,-0.13424
0.57173,0.61622,0.65348,0.68582,0.71387,0.73859,0.76063,0.78023,0.79809,0.81401,0.82855,0.84175,0.85366,0.86457,0.87445,0.88342,0.89141,0.89885,0.90543,0.91143,0.91666,0.92134,0.92526,0.92878,0.93168,0.93403,0.93581,0.93715,0.93785,0.93818,0.93781,0.93704,0.93576,0.93384,0.93149,0.92849,0.92496,0.92085,0.91608,0.9108,0.90477,0.89805,0.8906,0.88238,0.87317,0.86333,0.85236,0.84032,0.82742,0.81331,0.79792,0.78107,0.76266,0.74271,0.72097,0.69751,0.67178,0.64356,0.61327,0.57991,0.54373,0.50429,0.46175,0.41559,0.36573,0.3121,0.25434,0.19339,0.12883,0.061862,-0.0064951,-0.074776,-0.14115,-0.20382,-0.26142,-0.31265,-0.35546,-0.38775,-0.40729,-0.41095,-0.39476,-0.36143,-0.31878,-0.27334,-0.22881,-0.18747,-0.15027,-0.11758
0.58422,0.62703,0.66344,0.69476,0.72241,0.74663,0.76838,0.78776,0.80516,0.82093,0.83548,0.8485,0.8603,0.87103,0.88098,0.88988,0.89804,0.90539,0.9121,0.91796,0.92332,0.92801,0.93216,0.93577,0.93875,0.94121,0.9431,0.94456,0.94547,0.94588,0.94584,0.94521,0.94414,0.94248,0.94033,0.93764,0.93434,0.93057,0.92619,0.92119,0.91552,0.90905,0.90201,0.89427,0.88555,0.87618,0.8658,0.85441,0.84195,0.82835,0.81342,0.7974,0.77958,0.76032,0.73931,0.71625,0.69105,0.66349,0.63338,0.60044,0.56423,0.52489,0.48199,0.43488,0.38403,0.32846,0.26864,0.20433,0.13642,0.06487,-0.0086917,-0.082294,-0.15413,-0.22176,-0.28355,-0.3378,-0.3818,-0.41298,-0.4286,-0.42319,-0.39558,-0.35286,-0.304,-0.25547,-0.20982,-0.16892,-0.13307,-0.10238
0.59508,0.63687,0.67234,0.70319,0.73008,0.75401,0.77533,0.79448,0.81195,0.82757,0.84171,0.8547,0.86649,0.87727,0.88703,0.89607,0.9041,0.91152,0.91817,0.92411,0.92955,0.93438,0.93855,0.94222,0.94532,0.94786,0.94997,0.95149,0.95262,0.95317,0.95331,0.9529,0.95196,0.95063,0.94864,0.94629,0.94328,0.93984,0.93567,0.93101,0.92567,0.91967,0.91304,0.9057,0.8976,0.88859,0.87859,0.86783,0.85606,0.84307,0.82892,0.81347,0.79647,0.77787,0.75756,0.73503,0.71081,0.68395,0.65447,0.62174,0.58614,0.547,0.50366,0.45623,0.40425,0.34692,0.28513,0.21754,0.14588,0.069328,-0.0097217,-0.089803,-0.16813,-0.24163,-0.30832,-0.36578,-0.41055,-0.43969,-0.44821,-0.43144,-0.39084,-0.33925,-0.2857,-0.2355,-0.1902,-0.15062,-0.11712,-0.089123
0.60448,0.64517,0.68021,0.71038,0.73713,0.7607,0.7818,0.80086,0.81784,0.83339,0.84767,0.86044,0.87223,0.88291,0.89278,0.90162,0.90971,0.91713,0.92393,0.93002,0.93539,0.9402,0.94442,0.94824,0.95146,0.95417,0.95628,0.95804,0.95921,0.96,0.96026,0.96002,0.9593,0.95816,0.95648,0.95431,0.95163,0.94845,0.94461,0.94026,0.93531,0.92975,0.92348,0.9166,0.90898,0.90049,0.89115,0.88093,0.86969,0.85733,0.8439,0.82914,0.81288,0.79519,0.77577,0.75429,0.73068,0.70461,0.67584,0.64423,0.60923,0.57034,0.52709,0.47941,0.42644,0.36822,0.30414,0.23342,0.15758,0.075621,-0.010088,-0.09718,-0.1832,-0.26378,-0.33593,-0.39712,-0.44205,-0.46748,-0.46573,-0.43269,-0.37969,-0.32107,-0.2647,-0.21404,-0.17042,-0.13379,-0.10356,-0.078902
0.61254,0.65265,0.68706,0.71699,0.74315,0.76654,0.78741,0.80625,0.82332,0.83884,0.85275,0.86564,0.87727,0.888,0.89777,0.90678,0.91494,0.92232,0.92908,0.93517,0.94073,0.94554,0.94992,0.95373,0.95706,0.9599,0.96216,0.96405,0.96536,0.9663,0.9668,0.96667,0.96621,0.9652,0.96379,0.96181,0.9594,0.95653,0.95301,0.94898,0.9444,0.93919,0.93331,0.9269,0.91972,0.91171,0.90295,0.89336,0.88276,0.8712,0.85835,0.84433,0.82908,0.8121,0.79366,0.77291,0.75043,0.7256,0.69801,0.66724,0.63298,0.59493,0.55238,0.50475,0.45147,0.39212,0.3261,0.25277,0.17235,0.084665,-0.0082063,-0.10457,-0.1994,-0.28831,-0.36723,-0.43211,-0.47649,-0.49462,-0.47662,-0.42604,-0.36219,-0.2986,-0.24174,-0.19274,-0.15248,-0.11987,-0.093543,-0.072752
0.62019,0.65952,0.69351,0.72295,0.74899,0.77204,0.79262,0.81139,0.82816,0.84353,0.85753,0.87025,0.88202,0.8927,0.90244,0.91133,0.91951,0.92702,0.93371,0.9399,0.94543,0.95046,0.9549,0.95878,0.96218,0.96506,0.96754,0.96948,0.97105,0.97201,0.97266,0.97277,0.9725,0.97169,0.97053,0.96874,0.96661,0.96397,0.96077,0.95708,0.95278,0.94795,0.94256,0.93639,0.9298,0.92231,0.91405,0.90504,0.89514,0.88407,0.87208,0.85897,0.84452,0.82857,0.81104,0.79166,0.77016,0.74643,0.71998,0.69045,0.65754,0.62069,0.57907,0.532,0.47889,0.41928,0.35129,0.27566,0.19078,0.097073,-0.0044824,-0.11057,-0.2168,-0.31611,-0.40307,-0.47143,-0.51355,-0.51879,-0.47846,-0.41057,-0.33902,-0.27354,-0.21846,-0.17374,-0.13802,-0.11011,-0.088478,-0.071397
0.62691,0.66569,0.69908,0.72821,0.7538,0.77681,0.79729,0.81583,0.83252,0.84791,0.86183,0.87453,0.88606,0.8968,0.90655,0.91542,0.9237,0.93114,0.93796,0.94416,0.94978,0.95482,0.95932,0.96333,0.96682,0.96979,0.97235,0.9744,0.97608,0.97721,0.97795,0.97825,0.97819,0.97758,0.97653,0.97499,0.97311,0.97077,0.96788,0.96443,0.9605,0.956,0.95104,0.94529,0.93907,0.93204,0.92441,0.91592,0.90656,0.89627,0.88515,0.87276,0.8591,0.84426,0.82757,0.8095,0.78927,0.76692,0.74206,0.71401,0.68253,0.64702,0.6069,0.56118,0.50927,0.44945,0.38096,0.30329,0.21404,0.11426,0.0030361,-0.11559,-0.23531,-0.34775,-0.44434,-0.51611,-0.55219,-0.53468,-0.46853,-0.38658,-0.31129,-0.24812,-0.19762,-0.15913,-0.12953,-0.10686,-0.089221,-0.074915
0.63284,0.67105,0.7042,0.73294,0.75834,0.78102,0.80134,0.81984,0.83652,0.85167,0.86556,0.87819,0.88976,0.90043,0.91022,0.91919,0.92736,0.93492,0.94172,0.94797,0.95359,0.95861,0.96325,0.96732,0.97091,0.97403,0.9766,0.97879,0.98051,0.98189,0.98266,0.98316,0.98322,0.98282,0.98192,0.9806,0.97895,0.97678,0.97416,0.97103,0.96739,0.9632,0.95857,0.95331,0.94737,0.94094,0.93376,0.92584,0.9171,0.90759,0.89701,0.88548,0.8728,0.85881,0.84328,0.82632,0.80743,0.78656,0.76314,0.73705,0.70737,0.67395,0.63595,0.59205,0.54157,0.48283,0.41501,0.33548,0.24324,0.13706,0.015309,-0.11779,-0.25499,-0.38412,-0.49281,-0.56702,-0.5885,-0.53634,-0.44538,-0.35625,-0.28249,-0.22571,-0.18312,-0.15185,-0.12827,-0.1101,-0.095346,-0.082463
0.63812,0.67582,0.70837,0.73694,0.76209,0.7848,0.80504,0.82322,0.83978,0.85503,0.86877,0.88148,0.89306,0.90365,0.91343,0.92231,0.93058,0.93807,0.94491,0.95126,0.9569,0.96202,0.96666,0.9708,0.97445,0.97759,0.98031,0.9826,0.98443,0.98585,0.98682,0.98749,0.98762,0.98738,0.98665,0.98551,0.98402,0.98209,0.97969,0.97674,0.97348,0.96949,0.96516,0.96039,0.95479,0.9488,0.94208,0.93463,0.92655,0.91751,0.90775,0.89695,0.88509,0.87213,0.85781,0.84201,0.82453,0.80512,0.78336,0.75909,0.73147,0.70038,0.66453,0.62334,0.57566,0.51979,0.45293,0.37387,0.27959,0.16721,0.035379,-0.11492,-0.27482,-0.4269,-0.55085,-0.62407,-0.61368,-0.51867,-0.4118,-0.3237,-0.25794,-0.21113,-0.17826,-0.154,-0.13513,-0.1191,-0.1043,-0.09
0.64234,0.67969,0.71226,0.74036,0.7654,0.78778,0.80789,0.82626,0.84279,0.85776,0.8716,0.88411,0.89563,0.90639,0.91607,0.92501,0.93326,0.94083,0.94772,0.95399,0.95977,0.96498,0.96959,0.97372,0.97747,0.98066,0.98353,0.98583,0.9878,0.98929,0.99038,0.99109,0.99141,0.99126,0.99069,0.98975,0.98841,0.98664,0.98445,0.98177,0.97869,0.97507,0.971,0.96643,0.96131,0.95555,0.94925,0.94236,0.9346,0.92637,0.91704,0.90709,0.89602,0.88378,0.87066,0.85593,0.83977,0.82187,0.80179,0.77947,0.7543,0.72567,0.69285,0.65481,0.6103,0.55787,0.49458,0.4183,0.32464,0.20795,0.066201,-0.10461,-0.29415,-0.47834,-0.62162,-0.68386,-0.61245,-0.48261,-0.37296,-0.29627,-0.24505,-0.21035,-0.18505,-0.16453,-0.14582,-0.12763,-0.10974,-0.091528
0.64614,0.68311,0.71501,0.74323,0.76809,0.79046,0.8105,0.82853,0.84496,0.86003,0.87375,0.88637,0.89791,0.9085,0.91835,0.92734,0.93548,0.94312,0.94999,0.9563,0.96203,0.9672,0.97202,0.97616,0.97989,0.98322,0.98606,0.98849,0.99056,0.99212,0.99332,0.99408,0.99453,0.99446,0.99404,0.99319,0.99202,0.9904,0.98837,0.98586,0.98298,0.97961,0.97576,0.97145,0.96665,0.96123,0.9553,0.94873,0.94157,0.93363,0.92504,0.91561,0.90528,0.89381,0.88152,0.86792,0.85292,0.83638,0.81794,0.79736,0.77434,0.74836,0.71867,0.68433,0.64421,0.59669,0.53898,0.46726,0.37715,0.2617,0.11336,-0.08075,-0.30976,-0.54209,-0.71055,-0.72909,-0.57653,-0.43588,-0.343,-0.28636,-0.24989,-0.22267,-0.19847,-0.17471,-0.15087,-0.12728,-0.10436,-0.08268
0.64864,0.68545,0.71752,0.74531,0.7701,0.79231,0.81225,0.83037,0.84678,0.86188,0.87556,0.88811,0.89962,0.91028,0.91999,0.92891,0.93726,0.94474,0.95166,0.95809,0.96377,0.96899,0.97376,0.97812,0.98181,0.98525,0.98805,0.99058,0.9926,0.99432,0.99559,0.99638,0.99691,0.99697,0.99662,0.99592,0.99483,0.99332,0.99144,0.98905,0.98633,0.98317,0.97958,0.97537,0.97077,0.96575,0.96007,0.95379,0.94695,0.93955,0.93131,0.9224,0.91262,0.90193,0.89033,0.87763,0.86361,0.84826,0.83131,0.81244,0.79137,0.76778,0.74102,0.71021,0.67454,0.63213,0.58116,0.51793,0.43685,0.32988,0.17962,-0.030573,-0.31386,-0.62553,-0.82308,-0.71773,-0.51799,-0.40112,-0.34048,-0.30143,-0.26773,-0.2344,-0.2011,-0.16923,-0.13927,-0.11199,-0.087078,-0.064696
0.65085,0.68748,0.71894,0.747,0.77169,0.79375,0.81366,0.83171,0.84809,0.86301,0.87676,0.88925,0.90078,0.9114,0.92117,0.93009,0.93835,0.94597,0.95292,0.95925,0.96507,0.97032,0.97502,0.9794,0.98322,0.98652,0.98948,0.9921,0.99406,0.99588,0.99715,0.99801,0.99859,0.99869,0.99844,0.99782,0.99678,0.99539,0.99359,0.99136,0.98873,0.98565,0.98218,0.97824,0.9738,0.96886,0.96339,0.95747,0.95088,0.94366,0.93583,0.92726,0.91791,0.90778,0.89673,0.8847,0.87147,0.85705,0.84115,0.82366,0.80428,0.78266,0.75832,0.73076,0.69914,0.66214,0.61812,0.56406,0.49506,0.40269,0.26918,0.060285,-0.28431,-0.74465,-0.93308,-0.63733,-0.485,-0.41681,-0.36388,-0.31152,-0.26189,-0.21748,-0.17874,-0.14482,-0.11538,-0.089414,-0.066365,-0.04581
0.65172,0.68827,0.72005,0.74771,0.77239,0.79453,0.81441,0.83236,0.84877,0.86386,0.87741,0.89008,0.90161,0.91206,0.92198,0.9309,0.93904,0.94677,0.95371,0.95998,0.96584,0.9711,0.97581,0.98011,0.98399,0.9873,0.99033,0.99288,0.99491,0.99672,0.99804,0.99896,0.99956,0.99969,0.9995,0.99893,0.99794,0.9966,0.99487,0.99274,0.99009,0.98711,0.98372,0.97995,0.97558,0.97069,0.96544,0.95958,0.95314,0.94622,0.9386,0.93022,0.92116,0.91132,0.90058,0.88893,0.87623,0.86236,0.84721,0.83058,0.81225,0.79196,0.76926,0.74395,0.71513,0.68208,0.64356,0.59769,0.54101,0.46774,0.36511,0.19756,-0.23581,-0.74225,-0.71812,-0.62128,-0.51046,-0.41188,-0.33462,-0.27438,-0.22577,-0.18575,-0.15165,-0.12219,-0.096384,-0.073495,-0.053013,-0.034589
0.65246,0.6889,0.72022,0.74823,0.77287,0.79473,0.81461,0.83276,0.84919,0.86393,0.87776,0.89014,0.90166,0.91238,0.92203,0.93099,0.93934,0.94682,0.95377,0.96026,0.96593,0.97124,0.97613,0.9803,0.98412,0.98754,0.99059,0.99304,0.99515,0.9969,0.99824,0.9992,0.99979,0.99998,0.99979,0.99921,0.99825,0.99691,0.9953,0.99312,0.9905,0.98756,0.98414,0.98033,0.97604,0.97135,0.96596,0.96026,0.95387,0.94687,0.93928,0.93112,0.92214,0.91238,0.90172,0.89021,0.87769,0.86407,0.84907,0.83276,0.81473,0.79486,0.77287,0.74818,0.72042,0.6889,0.65239,0.60963,0.55831,0.49442,0.41101,0.292,-0.23761,-0.74405,-0.71724,-0.57691,-0.45803,-0.37464,-0.31061,-0.25941,-0.21667,-0.18002,-0.14862,-0.12086,-0.096047,-0.074199,-0.054307,-0.036088
0.65161,0.68812,0.7199,0.7476,0.77227,0.79453,0.81441,0.83224,0.84865,0.86363,0.87729,0.88982,0.90134,0.91193,0.9217,0.93069,0.9389,0.94648,0.95343,0.95978,0.96557,0.97087,0.97565,0.97998,0.98373,0.98719,0.99015,0.99263,0.9948,0.99647,0.9978,0.99875,0.99932,0.99952,0.9993,0.99867,0.99773,0.99637,0.99464,0.9925,0.98993,0.9869,0.9835,0.97957,0.97525,0.97041,0.96513,0.9592,0.95282,0.94582,0.93815,0.92985,0.92078,0.91092,0.90014,0.88848,0.87583,0.86186,0.84671,0.82996,0.81156,0.79121,0.76853,0.74304,0.71419,0.68102,0.64245,0.59622,0.53932,0.46568,0.36209,0.19323,-0.23941,-0.74317,-0.71636,-0.64043,-0.54876,-0.45726,-0.37729,-0.31248,-0.25973,-0.21593,-0.17878,-0.14675,-0.11888,-0.094148,-0.072167,-0.052421
0.65063,0.68718,0.71877,0.74677,0.77146,0.79346,0.81334,0.83146,0.84784,0.86284,0.87651,0.88907,0.9006,0.91113,0.92099,0.92998,0.93807,0.94576,0.95268,0.95889,0.96478,0.97001,0.9747,0.97905,0.98283,0.98625,0.98913,0.99164,0.99381,0.99541,0.99669,0.99765,0.99814,0.99829,0.99801,0.99737,0.99636,0.99495,0.99312,0.99089,0.98833,0.98518,0.98166,0.97768,0.97326,0.96829,0.96284,0.95685,0.95024,0.94298,0.93513,0.92649,0.91715,0.90697,0.89585,0.88373,0.87054,0.85599,0.84003,0.82247,0.80296,0.78119,0.75677,0.72911,0.69715,0.66002,0.61569,0.56107,0.49159,0.39827,0.26192,0.050384,-0.29634,-0.74654,-0.96234,-0.66327,-0.50708,-0.43602,-0.39192,-0.34975,-0.30587,-0.26281,-0.2233,-0.18769,-0.15587,-0.12749,-0.10217,-0.0796
0.64827,0.68505,0.717,0.74496,0.76975,0.79215,0.81202,0.83,0.84641,0.86138,0.87518,0.88763,0.89915,0.90987,0.91953,0.92851,0.93684,0.9443,0.95122,0.95758,0.96334,0.96857,0.97329,0.9775,0.98138,0.98463,0.98753,0.99004,0.99209,0.9937,0.99493,0.99589,0.99623,0.99629,0.99601,0.99527,0.99411,0.99263,0.99068,0.98833,0.98563,0.98238,0.97869,0.97461,0.96993,0.96482,0.95905,0.9528,0.94595,0.93842,0.93017,0.92126,0.91141,0.90066,0.88898,0.87617,0.86211,0.84666,0.8295,0.81058,0.78945,0.76558,0.73866,0.70754,0.6715,0.6288,0.57729,0.51315,0.43112,0.32226,0.1697,-0.043866,-0.32551,-0.62738,-0.83805,-0.73856,-0.54393,-0.42642,-0.36027,-0.32065,-0.29217,-0.26608,-0.23927,-0.21156,-0.18407,-0.15735,-0.13219,-0.10875
0.64564,0.6826,0.71463,0.74276,0.76763,0.78986,0.80987,0.82803,0.84444,0.85962,0.87324,0.88587,0.89737,0.90792,0.91772,0.92667,0.93487,0.94241,0.94929,0.95569,0.96138,0.96657,0.97138,0.97548,0.97926,0.9825,0.98537,0.98781,0.98977,0.99136,0.99251,0.99333,0.99362,0.99359,0.9932,0.99232,0.99108,0.98948,0.98738,0.98486,0.98199,0.97853,0.97462,0.97033,0.96542,0.96003,0.95407,0.94746,0.94021,0.93226,0.92355,0.914,0.90362,0.89208,0.87969,0.86594,0.85079,0.8341,0.81561,0.7949,0.77164,0.74536,0.71538,0.68067,0.64012,0.59187,0.53339,0.46102,0.36934,0.25178,0.10138,-0.09301,-0.32019,-0.54397,-0.71276,-0.75831,-0.59736,-0.46184,-0.36974,-0.30873,-0.26884,-0.24196,-0.22137,-0.20284,-0.18451,-0.16541,-0.14596,-0.1265
0.64176,0.67911,0.71146,0.73977,0.76481,0.7873,0.80737,0.82561,0.8421,0.85707,0.87096,0.88349,0.89503,0.90566,0.91542,0.92438,0.93252,0.94009,0.94695,0.95319,0.95896,0.96407,0.96875,0.97296,0.97657,0.97983,0.98261,0.98493,0.98683,0.98836,0.98942,0.99011,0.99034,0.99015,0.98967,0.98862,0.98723,0.98547,0.98321,0.98053,0.97738,0.97375,0.9696,0.96499,0.95981,0.95408,0.94769,0.94071,0.93287,0.92452,0.91521,0.90503,0.89393,0.88157,0.86832,0.85349,0.83706,0.81894,0.79872,0.77616,0.75072,0.72179,0.68851,0.65002,0.60502,0.55157,0.48755,0.41001,0.31476,0.19674,0.053685,-0.11652,-0.30388,-0.48024,-0.61921,-0.70888,-0.63687,-0.50431,-0.39891,-0.3234,-0.26932,-0.23089,-0.2038,-0.18379,-0.16775,-0.15357,-0.14001,-0.12612
0.63749,0.67514,0.70785,0.73625,0.76139,0.78396,0.80417,0.82245,0.83899,0.85419,0.86798,0.88063,0.89213,0.90283,0.91252,0.92142,0.92973,0.93719,0.94403,0.95029,0.95597,0.9611,0.96564,0.9698,0.97339,0.97657,0.97931,0.9815,0.98331,0.98469,0.98569,0.98623,0.98638,0.98607,0.98538,0.98417,0.98267,0.98067,0.97821,0.97524,0.9719,0.96797,0.96361,0.95859,0.95307,0.9469,0.94008,0.93266,0.92445,0.91536,0.90536,0.89455,0.88252,0.86943,0.85496,0.83907,0.82131,0.80157,0.77959,0.75488,0.72711,0.69557,0.65946,0.61758,0.56906,0.51224,0.44459,0.36396,0.26847,0.15531,0.022534,-0.12671,-0.28393,-0.42875,-0.54693,-0.63914,-0.64254,-0.54068,-0.434,-0.34967,-0.28532,-0.23636,-0.20052,-0.1738,-0.1538,-0.13835,-0.12568,-0.1145
0.63203,0.67022,0.70325,0.73211,0.75753,0.7802,0.80047,0.81895,0.83561,0.8508,0.86465,0.87729,0.88889,0.89945,0.90924,0.91812,0.92634,0.93381,0.94055,0.94683,0.95245,0.95751,0.96213,0.9661,0.96967,0.97275,0.97535,0.9775,0.97922,0.98048,0.98133,0.98175,0.98176,0.98124,0.9804,0.97907,0.9773,0.97507,0.97236,0.96921,0.96557,0.96138,0.95658,0.95122,0.94527,0.93872,0.93145,0.92343,0.9146,0.90498,0.89435,0.88257,0.86974,0.85561,0.83988,0.82273,0.80374,0.78235,0.75857,0.73208,0.70212,0.66823,0.62952,0.58496,0.53385,0.47425,0.40522,0.32472,0.23125,0.12419,0.0030084,-0.1287,-0.26323,-0.38599,-0.48862,-0.57404,-0.61628,-0.56191,-0.46641,-0.37918,-0.30853,-0.25314,-0.20929,-0.17529,-0.14914,-0.12932,-0.11401,-0.10177
0.62609,0.66473,0.69822,0.72728,0.75285,0.77579,0.79632,0.81481,0.83148,0.84681,0.8607,0.87342,0.88496,0.8957,0.90546,0.91435,0.92252,0.92993,0.93671,0.9429,0.9485,0.95339,0.95797,0.96196,0.96537,0.96839,0.97091,0.97291,0.97451,0.97568,0.97632,0.97665,0.97646,0.97583,0.97476,0.97324,0.97121,0.96876,0.9658,0.96236,0.95837,0.95384,0.94868,0.94291,0.93655,0.92954,0.92174,0.9131,0.90369,0.89324,0.88192,0.8694,0.85555,0.84049,0.82361,0.80522,0.78478,0.76206,0.73675,0.70828,0.67636,0.64044,0.5996,0.55325,0.50042,0.43954,0.37028,0.29138,0.20127,0.10125,-0.0089932,-0.12612,-0.24317,-0.34965,-0.44036,-0.51828,-0.57416,-0.56406,-0.49137,-0.40739,-0.33452,-0.27409,-0.22505,-0.1857,-0.15412,-0.12912,-0.10939,-0.093855
0.61907,0.65845,0.69237,0.7218,0.74787,0.77089,0.79143,0.81013,0.82698,0.84235,0.85633,0.86906,0.8807,0.89137,0.90117,0.90997,0.91818,0.92565,0.93238,0.93854,0.94399,0.94892,0.95333,0.95727,0.96059,0.96347,0.96585,0.96779,0.96927,0.97032,0.97079,0.9709,0.97057,0.96978,0.96845,0.96673,0.96445,0.96172,0.95848,0.95472,0.95039,0.94551,0.93986,0.93378,0.92694,0.9194,0.91106,0.90186,0.89177,0.88057,0.86847,0.85503,0.84042,0.8243,0.80651,0.78678,0.76509,0.74084,0.714,0.68398,0.65053,0.61312,0.57086,0.52296,0.46925,0.40852,0.33978,0.26329,0.1781,0.084513,-0.016301,-0.12103,-0.22415,-0.31796,-0.39931,-0.47075,-0.52874,-0.54742,-0.50519,-0.43221,-0.3602,-0.2969,-0.24463,-0.20096,-0.16494,-0.13553,-0.11169,-0.092572
0.6116,0.65147,0.68588,0.71582,0.74192,0.76529,0.78631,0.80509,0.82202,0.83749,0.85142,0.86429,0.87595,0.88666,0.89635,0.90528,0.91339,0.92077,0.92746,0.93355,0.93909,0.94395,0.94833,0.952,0.95536,0.95802,0.96031,0.96218,0.96352,0.96433,0.96467,0.96455,0.96406,0.96309,0.96151,0.95957,0.95704,0.95398,0.95045,0.94632,0.94167,0.93638,0.93046,0.92388,0.91653,0.90845,0.89962,0.88977,0.87906,0.86724,0.8542,0.84005,0.82445,0.80721,0.78853,0.76744,0.74468,0.71938,0.69123,0.65994,0.62519,0.58634,0.54324,0.49484,0.44074,0.38081,0.31382,0.24018,0.15947,0.072301,-0.019751,-0.11403,-0.20645,-0.29016,-0.36389,-0.42941,-0.48622,-0.51972,-0.50561,-0.45032,-0.38306,-0.32013,-0.26538,-0.21871,-0.17956,-0.14682,-0.11943,-0.096726
0.60295,0.64388,0.67891,0.70905,0.73578,0.75933,0.78027,0.79927,0.81642,0.83195,0.84606,0.85891,0.87059,0.88132,0.89123,0.90003,0.90819,0.91542,0.92215,0.92812,0.9336,0.93833,0.94259,0.94628,0.94943,0.95211,0.95429,0.95595,0.95713,0.95779,0.95803,0.95772,0.957,0.95571,0.954,0.95174,0.94887,0.94566,0.94183,0.93733,0.93228,0.92663,0.92027,0.91326,0.90541,0.89679,0.88739,0.87695,0.86556,0.85304,0.83932,0.82433,0.80783,0.78982,0.76999,0.7482,0.72417,0.69768,0.66863,0.63631,0.60063,0.56102,0.51718,0.46876,0.41515,0.35609,0.2915,0.22094,0.14481,0.06355,-0.021215,-0.10658,-0.18976,-0.2656,-0.33295,-0.39368,-0.44732,-0.48748,-0.49439,-0.46,-0.40204,-0.34182,-0.28653,-0.23799,-0.19639,-0.16082,-0.1306,-0.10517
0.59388,0.63547,0.67092,0.7018,0.72859,0.75249,0.77393,0.79299,0.81042,0.826,0.84015,0.85301,0.86484,0.87555,0.88529,0.89418,0.90224,0.90971,0.91633,0.92232,0.92758,0.93234,0.93644,0.94011,0.94312,0.94569,0.94772,0.94922,0.95024,0.95078,0.9508,0.9503,0.94934,0.94784,0.94594,0.94336,0.94035,0.93672,0.9326,0.92775,0.92231,0.9162,0.90947,0.90192,0.89365,0.8845,0.8745,0.86353,0.85138,0.83826,0.82384,0.8081,0.79079,0.77179,0.75109,0.72833,0.70368,0.67636,0.64632,0.61335,0.57699,0.53708,0.49295,0.44473,0.39226,0.33462,0.27229,0.20473,0.13322,0.057488,-0.020596,-0.098929,-0.17438,-0.2435,-0.30555,-0.36191,-0.41289,-0.45493,-0.47515,-0.46034,-0.41578,-0.36099,-0.30646,-0.25738,-0.21417,-0.17656,-0.14424,-0.11655
0.58239,0.62551,0.66191,0.69322,0.7208,0.74497,0.7666,0.78598,0.80347,0.8192,0.83357,0.84664,0.85845,0.86922,0.87905,0.88798,0.89601,0.90338,0.91001,0.91585,0.92125,0.92584,0.92989,0.93339,0.93642,0.93873,0.94069,0.94208,0.94289,0.94326,0.94308,0.94247,0.94124,0.93952,0.9373,0.93446,0.9312,0.92724,0.92274,0.91754,0.91176,0.90524,0.8981,0.89,0.88138,0.8717,0.8611,0.8496,0.83693,0.82303,0.80791,0.79152,0.77344,0.75391,0.73246,0.70891,0.68329,0.65529,0.62468,0.59123,0.5546,0.51449,0.47081,0.42307,0.37156,0.31567,0.25566,0.19161,0.12399,0.053466,-0.018987,-0.091099,-0.16014,-0.22361,-0.28117,-0.33373,-0.38178,-0.42377,-0.4519,-0.45244,-0.42307,-0.37611,-0.32491,-0.27636,-0.23217,-0.19329,-0.15927,-0.12937
0.57039,0.61457,0.65182,0.68416,0.71213,0.73681,0.75892,0.77847,0.7962,0.81214,0.82663,0.83974,0.85165,0.86243,0.87231,0.88133,0.88936,0.89668,0.90323,0.90908,0.91429,0.91896,0.92291,0.92636,0.92911,0.93144,0.93316,0.93437,0.93505,0.93524,0.9349,0.93406,0.93259,0.93072,0.92817,0.9251,0.92148,0.91713,0.91243,0.90691,0.90082,0.8939,0.88627,0.87786,0.86861,0.85851,0.84733,0.83513,0.82204,0.8075,0.79184,0.77475,0.75598,0.73578,0.71367,0.68968,0.66343,0.63473,0.60393,0.57001,0.53335,0.4935,0.45016,0.40337,0.35308,0.2991,0.24119,0.18032,0.11665,0.05081,-0.016705,-0.083189,-0.14687,-0.20572,-0.25924,-0.30852,-0.35407,-0.39497,-0.42632,-0.43876,-0.42369,-0.38692,-0.34094,-0.29403,-0.25002,-0.21037,-0.17483,-0.14356
0.55702,0.60289,0.6415,0.67443,0.70308,0.72807,0.75048,0.77053,0.78849,0.80458,0.81925,0.83242,0.84442,0.85539,0.8652,0.87414,0.88218,0.88949,0.89609,0.90193,0.907,0.91148,0.91536,0.91865,0.92141,0.92359,0.92517,0.92628,0.92683,0.92678,0.92625,0.92514,0.92358,0.92133,0.91856,0.91531,0.91134,0.90679,0.90164,0.89587,0.88929,0.88195,0.87392,0.8652,0.85548,0.84474,0.83325,0.8206,0.80682,0.79186,0.77549,0.75782,0.73874,0.71782,0.69528,0.6707,0.64388,0.61511,0.58382,0.54967,0.5133,0.47367,0.43115,0.38545,0.33643,0.28445,0.2291,0.17117,0.11094,0.048827,-0.01403,-0.075579,-0.13464,-0.18927,-0.23953,-0.28591,-0.32917,-0.36848,-0.40147,-0.42073,-0.41821,-0.3926,-0.35382,-0.3099,-0.26716,-0.2271,-0.19082,-0.15871
0.5433,0.59064,0.62996,0.66387,0.69315,0.7189,0.74179,0.76189,0.7801,0.79647,0.81122,0.82457,0.83665,0.84759,0.85753,0.86648,0.87461,0.88183,0.88835,0.89411,0.89921,0.90364,0.9075,0.91057,0.91332,0.91531,0.91684,0.91771,0.91806,0.91789,0.91719,0.9159,0.91405,0.91159,0.90862,0.90502,0.90082,0.896,0.89037,0.88425,0.8774,0.86977,0.86136,0.85213,0.84203,0.83083,0.81889,0.8058,0.79149,0.77609,0.75925,0.74106,0.72133,0.69997,0.67708,0.65212,0.62526,0.59604,0.5647,0.53094,0.49449,0.45551,0.41359,0.36904,0.32148,0.27135,0.21842,0.16339,0.10622,0.047763,-0.010757,-0.068263,-0.12324,-0.1744,-0.22152,-0.26549,-0.30636,-0.34434,-0.37762,-0.40107,-0.40806,-0.3939,-0.36289,-0.32367,-0.28275,-0.24323,-0.20679,-0.17367
0.52821,0.57725,0.61833,0.6528,0.6827,0.70878,0.73193,0.75273,0.77114,0.78775,0.80266,0.81615,0.82828,0.83942,0.84932,0.85834,0.86648,0.87376,0.88019,0.88597,0.89092,0.89538,0.89913,0.90225,0.90472,0.90672,0.90798,0.90879,0.90902,0.90868,0.9077,0.90621,0.90408,0.9015,0.89819,0.89429,0.88986,0.88475,0.87894,0.87253,0.86521,0.85724,0.84846,0.83867,0.82822,0.81668,0.80433,0.79079,0.77615,0.76019,0.74301,0.72432,0.70429,0.68254,0.65925,0.63412,0.60692,0.57779,0.5464,0.51286,0.47688,0.43838,0.39755,0.35423,0.30823,0.25996,0.20934,0.15682,0.10262,0.04757,-0.0073897,-0.0613,-0.11269,-0.16069,-0.20523,-0.24678,-0.28579,-0.32227,-0.35514,-0.38095,-0.39461,-0.38975,-0.3679,-0.33454,-0.29679,-0.2587,-0.22238,-0.18895
0.51055,0.56187,0.604,0.63981,0.6708,0.69784,0.72168,0.74261,0.76136,0.77833,0.79338,0.80718,0.81952,0.83075,0.8408,0.8498,0.85792,0.8652,0.87168,0.8774,0.88247,0.88669,0.89041,0.89342,0.8958,0.89753,0.89876,0.89937,0.89944,0.8989,0.89781,0.89614,0.89383,0.89095,0.88748,0.88336,0.8786,0.87319,0.8671,0.86029,0.85256,0.84443,0.83528,0.82525,0.8144,0.80249,0.78958,0.77563,0.76064,0.74435,0.72678,0.70789,0.68738,0.66549,0.64186,0.61654,0.58929,0.56027,0.52899,0.49577,0.46042,0.42285,0.38275,0.34077,0.29606,0.24949,0.20116,0.15119,0.099787,0.047806,-0.0040281,-0.054585,-0.10292,-0.14812,-0.19028,-0.22974,-0.267,-0.30196,-0.33412,-0.36136,-0.37942,-0.38263,-0.36877,-0.34205,-0.30868,-0.2725,-0.23722,-0.20398
0.49087,0.54478,0.58933,0.62657,0.65849,0.68622,0.71047,0.73212,0.75132,0.76846,0.78388,0.79775,0.81033,0.82158,0.83169,0.84083,0.84894,0.85632,0.86267,0.86842,0.87338,0.87766,0.88114,0.88409,0.88637,0.88811,0.88916,0.88963,0.88962,0.88891,0.88761,0.88572,0.88322,0.88006,0.87643,0.87204,0.86695,0.86124,0.85497,0.84785,0.84001,0.83135,0.82179,0.81144,0.8003,0.78817,0.77493,0.76063,0.74529,0.72858,0.71071,0.69151,0.6709,0.64872,0.625,0.59966,0.57242,0.54346,0.51274,0.47989,0.44495,0.40787,0.36907,0.32776,0.28516,0.24046,0.1941,0.14626,0.097363,0.048214,-0.00070807,-0.04836,-0.093885,-0.13661,-0.17664,-0.21423,-0.24983,-0.28338,-0.31457,-0.34211,-0.36283,-0.37209,-0.36656,-0.34694,-0.31835,-0.28513,-0.25127,-0.21849
0.4705,0.52771,0.57388,0.61235,0.64545,0.67393,0.69908,0.72109,0.74068,0.75815,0.77373,0.78784,0.80049,0.81186,0.82213,0.83126,0.83948,0.84684,0.85334,0.85892,0.86393,0.86809,0.87167,0.87443,0.87664,0.87828,0.87921,0.8796,0.87926,0.87842,0.87697,0.8749,0.87221,0.86892,0.86504,0.86043,0.85513,0.84925,0.84245,0.83516,0.82701,0.81817,0.80834,0.79777,0.78622,0.77352,0.76012,0.74555,0.72988,0.71298,0.6949,0.67553,0.6547,0.6324,0.60863,0.58327,0.55629,0.52751,0.497,0.46469,0.43045,0.39428,0.35631,0.31657,0.27515,0.23173,0.18756,0.14211,0.095845,0.049176,0.0027716,-0.042405,-0.085525,-0.1261,-0.16415,-0.20007,-0.23423,-0.26657,-0.29689,-0.32423,-0.34662,-0.35977,-0.36096,-0.34842,-0.32541,-0.29575,-0.26411,-0.2323
0.44894,0.5089,0.55708,0.59729,0.63119,0.66076,0.68627,0.70889,0.72905,0.7468,0.76293,0.77717,0.79016,0.80164,0.81206,0.82139,0.82963,0.83699,0.84343,0.84919,0.85405,0.8582,0.86162,0.86447,0.86661,0.86793,0.8689,0.86907,0.86872,0.86772,0.86606,0.86385,0.86094,0.85745,0.85327,0.8485,0.84301,0.83682,0.82996,0.82235,0.81399,0.80464,0.79467,0.78379,0.77198,0.75923,0.74541,0.73062,0.71471,0.69757,0.6793,0.65976,0.63886,0.61658,0.5927,0.56752,0.54069,0.51221,0.48193,0.45033,0.41681,0.38148,0.34463,0.30583,0.26588,0.22453,0.1818,0.13835,0.094051,0.049513,0.0056217,-0.036874,-0.077748,-0.11634,-0.15261,-0.18703,-0.21954,-0.25066,-0.2802,-0.30726,-0.33046,-0.34709,-0.35333,-0.34676,-0.32976,-0.30447,-0.27543,-0.24502
0.42204,0.48664,0.53786,0.58006,0.61571,0.64633,0.67299,0.6962,0.71685,0.73534,0.75164,0.76631,0.77934,0.79117,0.80159,0.81096,0.81932,0.8267,0.83325,0.83886,0.8438,0.84793,0.85129,0.85402,0.85612,0.85749,0.85819,0.85837,0.85776,0.85664,0.85486,0.85247,0.84943,0.84575,0.84145,0.83637,0.83073,0.82434,0.81721,0.80935,0.80064,0.79115,0.78098,0.76973,0.75772,0.74474,0.73074,0.71576,0.69971,0.6824,0.66397,0.64429,0.62345,0.60108,0.57746,0.55223,0.52572,0.49756,0.46792,0.43668,0.40368,0.36954,0.33355,0.2963,0.2575,0.21743,0.1767,0.13493,0.09261,0.050516,0.0085687,-0.031807,-0.07063,-0.10742,-0.14206,-0.17498,-0.20638,-0.23644,-0.26497,-0.29143,-0.31496,-0.33376,-0.34346,-0.34339,-0.33157,-0.3111,-0.28524,-0.25681
0.39293,0.46297,0.51753,0.56233,0.59945,0.63133,0.65891,0.68306,0.70443,0.723,0.73968,0.75456,0.76789,0.77984,0.79057,0.80007,0.80848,0.81596,0.82258,0.82829,0.83309,0.83731,0.84068,0.84335,0.8453,0.84659,0.84726,0.8472,0.84657,0.84529,0.84336,0.8408,0.83761,0.83375,0.82922,0.82398,0.81815,0.81156,0.80422,0.79617,0.78728,0.77764,0.76722,0.75574,0.7436,0.73037,0.71619,0.70094,0.68479,0.66743,0.64901,0.62926,0.60824,0.58604,0.56257,0.53763,0.51127,0.48359,0.45442,0.42379,0.39179,0.35819,0.32329,0.28721,0.24985,0.21119,0.17202,0.13195,0.091831,0.051301,0.011411,-0.027101,-0.064076,-0.099052,-0.13234,-0.16402,-0.1941,-0.22302,-0.25081,-0.2768,-0.30047,-0.32002,-0.33328,-0.33696,-0.33118,-0.3151,-0.29311,-0.26726
